{
    "author": "HTV Sports",
    "channel_id": "UC_OBG47Y3PswSHnMWSlrgZA",
    "channel_url": "https://www.youtube.com/channel/UC_OBG47Y3PswSHnMWSlrgZA",
    "description": "🚴🏻♂️Cuộc đua xe đạp toàn quốc tranh cúp truyền hình Thành phố Hồ Chí Minh lần thứ 36 năm 2024, Non sông liền một dải, HTV – Tôn Đông Á \n 🚴🏻♂️ Từ 03/04 đến 30/04/2024🚴🏻♂️\n ✨ Cảm ơn Tôn Đông Á đã đồng hành cùng cuộc đua! ✨\n—————\nTheo dõi thông tin cuộc đua tại: \n📱Fanpage HTV Thể thao: https://bit.ly/................. \n📱Fanpage Tôn Đông Á: https://www.facebook.com/tondonga.com.vn\n📱Youtube HTV Sports: https://bit.ly/.................... \n📱Youtube Tôn Đông Á: https://www.youtube.com/c/TonDongACorp\n📱Tiktok HTV Thể thao https://www.tiktok.com/@htvofficial\n📱Tiktok Tôn Đông Á: https://www.tiktok.com/@tondongacorp\n 🌐Website Tôn Đông Á: http://www.tondonga.com.vn/ \n 📞Zalo Tôn Đông Á: https://zalo.me/1630226449412145857\n \n#CupTruyenHinhHTVTONDONGA #CTH2024 #xedapcuptruyenhinh#CTH36\n#HTVTONDONGA \n#CupTruyenHinhHTV #HTVTheThao #HTVSports #HTV9 #HTV7\n#TONDONGA #cungxaycuocsongxanh #KINGWINSVIET",
    "keywords": [
        "HTVTheThao",
        "HTVSports",
        "htv the thao",
        "HTV Thể thao",
        "serie a",
        "Serie A",
        "Serie A 2022 - 2023",
        "giải vô địch ý",
        "cúp quốc gia ý",
        "cup quoc gia italia",
        "Cúp quốc gia Italia",
        "ONE championship",
        "one championship"
    ],
    "length": 436,
    "publish_date": "03/04/2024",
    "thumbnail_url": "https://i.ytimg.com/vi/6J0loXv8wJw/sddefault.jpg?v=660e2b0d",
    "title": "RIKUNOV QUÁ MẠNH MẼ Ở NHỮNG MÉT CUỐI  DIỄN BIẾN NHỮNG VÒNG ĐUA CUỐI - CHẶNG 2 CÚP TRUYỀN HÌNH 2024",
    "watch_url": "https://youtube.com/watch?v=6J0loXv8wJw"
}