{
    "author": "HTV Sports",
    "channel_id": "UC_OBG47Y3PswSHnMWSlrgZA",
    "channel_url": "https://www.youtube.com/channel/UC_OBG47Y3PswSHnMWSlrgZA",
    "description": "—————\nTheo dõi thông tin tại: \n📱Fanpage HTV Thể thao: https://bit.ly/2X5Ye2s \n📱Youtube HTV Sports: https://bit.ly/2KrisC6 \n📱Tiktok HTV Thể thao https://www.tiktok.com/@htvofficial\n\n#HTVThethao #HTVSports",
    "keywords": [
        "HTVTheThao",
        "HTVSports",
        "htv the thao",
        "HTV Thể thao",
        "serie a",
        "Serie A",
        "Serie A 2022 - 2023",
        "giải vô địch ý",
        "cúp quốc gia ý",
        "cup quoc gia italia",
        "Cúp quốc gia Italia",
        "ONE championship",
        "one championship"
    ],
    "length": 508,
    "publish_date": "17/01/2024",
    "thumbnail_url": "https://i.ytimg.com/vi/KkjGOZv7gjA/sddefault.jpg?sqp=-oaymwEmCIAFEOAD8quKqQMa8AEB-AH-CYAC0AWKAgwIABABGGUgYChFMA8=&rs=AOn4CLDOTR2UYaKmsuCMd7fqBMuDhj0UJg",
    "title": "Khải Sự Phi Đằng triển Hùng Uy  Đoàn Lân Khải Uy Quan Thánh Cung - Quận 11 Cúp Chợ Lớn - HTV 2024",
    "watch_url": "https://youtube.com/watch?v=KkjGOZv7gjA"
}