{
    "author": "HTV Sports",
    "channel_id": "UC_OBG47Y3PswSHnMWSlrgZA",
    "channel_url": "https://www.youtube.com/channel/UC_OBG47Y3PswSHnMWSlrgZA",
    "description": "Màn trình diễn: Con Rồng Cháu Tiên | Đoàn Lân Tinh Anh Đường - Quận 5 | Cúp Chợ Lớn - HTV 2024 \nĐã đem về số điểm vô tiền khoáng hậu: 9.05 cùng vị trí nhà vô địch chung cuộc. \nXin chúc mừng những nhà vô địch Tinh Anh Đường một lần nữa 🎉🎉🎉\n#cupcholonhtv2024 #lansurong  #quan5  #HTV  #HTVThethao #HTVSports—————\nTheo dõi thông tin tại: \n📱Fanpage HTV Thể thao: https://bit.ly/2X5Ye2s \n📱Youtube HTV Sports: https://bit.ly/2KrisC6 \n📱Tiktok HTV Thể thao https://www.tiktok.com/@htvofficial\n\n#HTVThethao #HTVSports",
    "keywords": [
        "HTVTheThao",
        "HTVSports",
        "htv the thao",
        "HTV Thể thao",
        "serie a",
        "Serie A",
        "Serie A 2022 - 2023",
        "giải vô địch ý",
        "cúp quốc gia ý",
        "cup quoc gia italia",
        "Cúp quốc gia Italia",
        "ONE championship",
        "one championship"
    ],
    "length": 569,
    "publish_date": "16/01/2024",
    "thumbnail_url": "https://i.ytimg.com/vi/om1ZFhVCZU4/sddefault.jpg?sqp=-oaymwEmCIAFEOAD8quKqQMa8AEB-AH-CYAC0AWKAgwIABABGFMgZSgeMA8=&rs=AOn4CLCt2UOEZFy66ILN0Vh6VP6ajlHDRQ",
    "title": "NHÀ VÔ ĐỊCH CÚP CHỢ LỚN - HTV 2024 TINH ANH ĐƯỜNG - QUẬN 5, TPHCM  LÂN MAI HOA THUNG HTV THỂ THAO",
    "watch_url": "https://youtube.com/watch?v=om1ZFhVCZU4"
}