{
    "author": "HTV Sports",
    "channel_id": "UC_OBG47Y3PswSHnMWSlrgZA",
    "channel_url": "https://www.youtube.com/channel/UC_OBG47Y3PswSHnMWSlrgZA",
    "description": "—————\nTheo dõi thông tin tại: \n📱Fanpage HTV Thể thao: https://bit.ly/2X5Ye2s \n📱Youtube HTV Sports: https://bit.ly/2KrisC6 \n📱Tiktok HTV Thể thao https://www.tiktok.com/@htvofficial\n\n#HTVThethao #HTVSports",
    "keywords": [
        "HTVTheThao",
        "HTVSports",
        "htv the thao",
        "HTV Thể thao",
        "serie a",
        "Serie A",
        "Serie A 2022 - 2023",
        "giải vô địch ý",
        "cúp quốc gia ý",
        "cup quoc gia italia",
        "Cúp quốc gia Italia",
        "ONE championship",
        "one championship"
    ],
    "length": 562,
    "publish_date": "16/01/2024",
    "thumbnail_url": "https://i.ytimg.com/vi/qSgorxzpt4A/sddefault.jpg?sqp=-oaymwEmCIAFEOAD8quKqQMa8AEB-AH-CYAC0AWKAgwIABABGGUgWShAMA8=&rs=AOn4CLDfaR4WTWed3FcMX5z4RZOLCLDzPg",
    "title": "Nam Sư Vượt Trường Sơn Hái Thảo Linh Chi  Đoàn Huỳnh Phúc Đường - Thủ Đức  Cúp Chợ Lớn - HTV 2024",
    "watch_url": "https://youtube.com/watch?v=qSgorxzpt4A"
}