{
    "author": "HTV Sports",
    "channel_id": "UC_OBG47Y3PswSHnMWSlrgZA",
    "channel_url": "https://www.youtube.com/channel/UC_OBG47Y3PswSHnMWSlrgZA",
    "description": "—————\nTheo dõi thông tin tại: \n📱Fanpage HTV Thể thao: https://bit.ly/2X5Ye2s \n📱Youtube HTV Sports: https://bit.ly/2KrisC6 \n📱Tiktok HTV Thể thao https://www.tiktok.com/@htvofficial\n\n#HTVThethao #HTVSports",
    "keywords": [
        "HTVTheThao",
        "HTVSports",
        "htv the thao",
        "HTV Thể thao",
        "serie a",
        "Serie A",
        "Serie A 2022 - 2023",
        "giải vô địch ý",
        "cúp quốc gia ý",
        "cup quoc gia italia",
        "Cúp quốc gia Italia",
        "ONE championship",
        "one championship"
    ],
    "length": 660,
    "publish_date": "15/01/2024",
    "thumbnail_url": "https://i.ytimg.com/vi/sPA1G6L7C5E/sddefault.jpg?sqp=-oaymwEmCIAFEOAD8quKqQMa8AEB-AH-CYAC0AWKAgwIABABGH8gSigvMA8=&rs=AOn4CLA6au0nXzvIn00Xzu2172J9adBrmA",
    "title": "Chú Lân lên núi giúp người dân lấy củi về nung gạch  Tân Dương - Vĩnh Long  Cúp Chợ Lớn - HTV 2024",
    "watch_url": "https://youtube.com/watch?v=sPA1G6L7C5E"
}