{
    "author": "HTV Sports",
    "channel_id": "UC_OBG47Y3PswSHnMWSlrgZA",
    "channel_url": "https://www.youtube.com/channel/UC_OBG47Y3PswSHnMWSlrgZA",
    "description": "—————\nTheo dõi thông tin tại: \n📱Fanpage HTV Thể thao: https://bit.ly/2X5Ye2s \n📱Youtube HTV Sports: https://bit.ly/2KrisC6 \n📱Tiktok HTV Thể thao https://www.tiktok.com/@htvofficial\n\n#HTVThethao #HTVSports",
    "keywords": [
        "HTVTheThao",
        "HTVSports",
        "htv the thao",
        "HTV Thể thao",
        "serie a",
        "Serie A",
        "Serie A 2022 - 2023",
        "giải vô địch ý",
        "cúp quốc gia ý",
        "cup quoc gia italia",
        "Cúp quốc gia Italia",
        "ONE championship",
        "one championship"
    ],
    "length": 33,
    "publish_date": "01/02/2024",
    "thumbnail_url": "https://i.ytimg.com/vi/BrzF4ZSpR8Y/sd2.jpg?sqp=-oaymwEoCIAFEOAD8quKqQMcGADwAQH4AbYIgAKAD4oCDAgAEAEYciBhKBcwDw==&rs=AOn4CLD84fmbYHNvYUy2QDv3MpDYvqD6yw",
    "title": "lá la la la là la la lá la la la la.... #htvsports #lansurong #tetgiapthin",
    "watch_url": "https://youtube.com/watch?v=BrzF4ZSpR8Y"
}