{
    "author": "HTV Sports",
    "channel_id": "UC_OBG47Y3PswSHnMWSlrgZA",
    "channel_url": "https://www.youtube.com/channel/UC_OBG47Y3PswSHnMWSlrgZA",
    "description": "—————\nTheo dõi thông tin tại: \n📱Fanpage HTV Thể thao: https://bit.ly/2X5Ye2s \n📱Youtube HTV Sports: https://bit.ly/2KrisC6 \n📱Tiktok HTV Thể thao https://www.tiktok.com/@htvofficial\n\n#HTVThethao #HTVSports",
    "keywords": [
        "HTVTheThao",
        "HTVSports",
        "htv the thao",
        "HTV Thể thao",
        "serie a",
        "Serie A",
        "Serie A 2022 - 2023",
        "giải vô địch ý",
        "cúp quốc gia ý",
        "cup quoc gia italia",
        "Cúp quốc gia Italia",
        "ONE championship",
        "one championship"
    ],
    "length": 520,
    "publish_date": "15/01/2024",
    "thumbnail_url": "https://i.ytimg.com/vi/bYbi_sE3o1M/sddefault.jpg?sqp=-oaymwEmCIAFEOAD8quKqQMa8AEB-AH-CYAC0AWKAgwIABABGGUgWChJMA8=&rs=AOn4CLA6HefHMRcaEzqTKoLoApo80i02pg",
    "title": "Nam Sư giúp Mai An Tiêm mang dưa hấu về dâng Vua Hùng  Đoàn Lân Lâm Vũ - Tây Ninh  Cúp Chợ Lớn HTV",
    "watch_url": "https://youtube.com/watch?v=bYbi_sE3o1M"
}