{
    "author": "HTV Sports",
    "channel_id": "UC_OBG47Y3PswSHnMWSlrgZA",
    "channel_url": "https://www.youtube.com/channel/UC_OBG47Y3PswSHnMWSlrgZA",
    "description": "🔥🔥🔥 CHẮC CHẮN KHÔNG THỂ NÀO BỎ QUA 🔥🔥🔥 \nMàn trình diễn : Kim Sư Đằng Sơn Diệt Xà Tinh Thực Linh Chi | Đoàn Lân Phương Tế Đường - Q.Bình Tân | Cúp Chợ Lớn - HTV 2024 \nKính mời quý khán giả đón xem màn trình diễn rất hay với số điểm 8,91 và giành luôn hạng 2 chung cuộc đến từ Đoàn Lân Phương Tế Đường. \nXin chúc mừng ! \n#cupcholonhtv2024 #lansurong  #quan5  #HTV  #HTVThethao #HTVSports\n—————\nTheo dõi thông tin tại: \n📱Fanpage HTV Thể thao: https://bit.ly/2X5Ye2s \n📱Youtube HTV Sports: https://bit.ly/2KrisC6 \n📱Tiktok HTV Thể thao https://www.tiktok.com/@htvofficial\n\n#HTVThethao #HTVSports",
    "keywords": [
        "HTVTheThao",
        "HTVSports",
        "htv the thao",
        "HTV Thể thao",
        "serie a",
        "Serie A",
        "Serie A 2022 - 2023",
        "giải vô địch ý",
        "cúp quốc gia ý",
        "cup quoc gia italia",
        "Cúp quốc gia Italia",
        "ONE championship",
        "one championship"
    ],
    "length": 569,
    "publish_date": "16/01/2024",
    "thumbnail_url": "https://i.ytimg.com/vi/VMCs9vCjzk0/hqdefault.jpg?sqp=-oaymwEmCOADEOgC8quKqQMa8AEB-AH-CYAC0AWKAgwIABABGHIgYCgRMA8=&rs=AOn4CLDrTx1IkVu7_9epjNO_IOuAsGcmfQ",
    "title": "Kim Sư Đằng Sơn Diệt Xà Tinh Thực Linh Chi  Phương Tế Đường - Q.Bình Tân  Cúp Chợ Lớn - HTV 2024",
    "watch_url": "https://youtube.com/watch?v=VMCs9vCjzk0"
}