{
    "author": "HTV Sports",
    "channel_id": "UC_OBG47Y3PswSHnMWSlrgZA",
    "channel_url": "https://www.youtube.com/channel/UC_OBG47Y3PswSHnMWSlrgZA",
    "description": "🎉🚨🔥  Và đây là màn trình diễn đã giành hạng 3 chung cuộc với số điểm rất cao 8,88 điểm của Đoàn Lân Hào Dũng Đường - Quận 5 - TPHCM. \nNam Sư Thưởng Ngoạn Hoa Quả Sơn | Đoàn Lân Hào Dũng Đường - Quận 5 | Cúp Chợ Lớn - HTV 2024  \nXin chúc mừng ! \n#cupcholonhtv2024 #lansurong  #quan5  #HTV  #HTVThethao #HTVSports\n—————\nTheo dõi thông tin tại: \n📱Fanpage HTV Thể thao: https://bit.ly/2X5Ye2s \n📱Youtube HTV Sports: https://bit.ly/2KrisC6 \n📱Tiktok HTV Thể thao https://www.tiktok.com/@htvofficial\n\n#HTVThethao #HTVSports",
    "keywords": [
        "HTVTheThao",
        "HTVSports",
        "htv the thao",
        "HTV Thể thao",
        "serie a",
        "Serie A",
        "Serie A 2022 - 2023",
        "giải vô địch ý",
        "cúp quốc gia ý",
        "cup quoc gia italia",
        "Cúp quốc gia Italia",
        "ONE championship",
        "one championship"
    ],
    "length": 569,
    "publish_date": "16/01/2024",
    "thumbnail_url": "https://i.ytimg.com/vi/h1L8PnpVdqE/sddefault.jpg?sqp=-oaymwEmCIAFEOAD8quKqQMa8AEB-AH-CYAC0AWKAgwIABABGEIgTyhlMA8=&rs=AOn4CLA_bL7iukfmAVxyuntWhwLVzwCUHg",
    "title": "Nam Sư Thưởng Ngoạn Hoa Quả Sơn  Đoàn Lân Hào Dũng Đường - Quận 5, TPHCM  Cúp Chợ Lớn - HTV 2024",
    "watch_url": "https://youtube.com/watch?v=h1L8PnpVdqE"
}