{
    "author": "HTV Sports",
    "channel_id": "UC_OBG47Y3PswSHnMWSlrgZA",
    "channel_url": "https://www.youtube.com/channel/UC_OBG47Y3PswSHnMWSlrgZA",
    "description": "—————\nTheo dõi thông tin tại: \n📱Fanpage HTV Thể thao: https://bit.ly/2X5Ye2s \n📱Youtube HTV Sports: https://bit.ly/2KrisC6 \n📱Tiktok HTV Thể thao https://www.tiktok.com/@htvofficial\n\n#HTVThethao #HTVSports",
    "keywords": [
        "HTVTheThao",
        "HTVSports",
        "htv the thao",
        "HTV Thể thao",
        "serie a",
        "Serie A",
        "Serie A 2022 - 2023",
        "giải vô địch ý",
        "cúp quốc gia ý",
        "cup quoc gia italia",
        "Cúp quốc gia Italia",
        "ONE championship",
        "one championship"
    ],
    "length": 35,
    "publish_date": "30/01/2024",
    "thumbnail_url": "https://i.ytimg.com/vi/0iJStT_4v8I/sd2.jpg?sqp=-oaymwEoCIAFEOAD8quKqQMcGADwAQH4AbYIgAKAD4oCDAgAEAEYciBkKBQwDw==&rs=AOn4CLBnLPY00OtB6p9yovWKzXPp5yh-7A",
    "title": "Té ngã thì mình đứng lên mình chơi tiếp...#htvsports #htv #htvthethao #lansurong #cupcholonhtv2024",
    "watch_url": "https://youtube.com/watch?v=0iJStT_4v8I"
}