{
    "author": "HTV Sports",
    "channel_id": "UC_OBG47Y3PswSHnMWSlrgZA",
    "channel_url": "https://www.youtube.com/channel/UC_OBG47Y3PswSHnMWSlrgZA",
    "description": "Đoàn Lân Đình Thần Châu Phú - An Giang | Cúp Chợ Lớn - HTV 2024 \n—————\nTheo dõi thông tin tại: \n📱Fanpage HTV Thể thao: https://bit.ly/2X5Ye2s \n📱Youtube HTV Sports: https://bit.ly/2KrisC6 \n📱Tiktok HTV Thể thao https://www.tiktok.com/@htvofficial\n\n#HTVThethao #HTVSports",
    "keywords": [
        "HTVTheThao",
        "HTVSports",
        "htv the thao",
        "HTV Thể thao",
        "serie a",
        "Serie A",
        "Serie A 2022 - 2023",
        "giải vô địch ý",
        "cúp quốc gia ý",
        "cup quoc gia italia",
        "Cúp quốc gia Italia",
        "ONE championship",
        "one championship"
    ],
    "length": 688,
    "publish_date": "13/01/2024",
    "thumbnail_url": "https://i.ytimg.com/vi/lwJFlRCuCjc/sddefault.jpg?sqp=-oaymwEmCIAFEOAD8quKqQMa8AEB-AH-CYAC0AWKAgwIABABGHIgRSgwMA8=&rs=AOn4CLAwd_AilNOTilzU-9llQ7UKtkfqgw",
    "title": "Nam Sư vượt Trường Sơn hái liên hoa dâng thần Hoàng Nguyễn Hữu Cảnh Đình Thần Châu Phú – An Giang",
    "watch_url": "https://youtube.com/watch?v=lwJFlRCuCjc"
}