{
    "author": "HTV Sports",
    "channel_id": "UC_OBG47Y3PswSHnMWSlrgZA",
    "channel_url": "https://www.youtube.com/channel/UC_OBG47Y3PswSHnMWSlrgZA",
    "description": "ĐÓN CHỜ NHÂN VẬT BÍ ẨN??!? 😮😮😮\nCác bạn khán giả ơi, hôm nay là ngày cuối cùng của giải đấu Lân Sư Rồng Cúp Chợ lớn HTV 2024 rồiii!!!\n🔥Nghe nói chúng ta có hẹn đi xem múa Lân đúng không ạ?? \n🚨Và liệu các nhân vật trong clip có xuất hiện tại giải đấu không??\n😉 Cùng ad đón xem những đội Lân mạnh trong buổi chiều ngày hôm nay nhé!\n\n—————\nTheo dõi thông tin tại: \n📱Fanpage HTV Thể thao: https://bit.ly/2X5Ye2s \n📱Youtube HTV Sports: https://bit.ly/2KrisC6 \n📱Tiktok HTV Thể thao https://www.tiktok.com/@htvofficial\n\n#HTVThethao #HTVSports",
    "keywords": [
        "HTVTheThao",
        "HTVSports",
        "htv the thao",
        "HTV Thể thao",
        "serie a",
        "Serie A",
        "Serie A 2022 - 2023",
        "giải vô địch ý",
        "cúp quốc gia ý",
        "cup quoc gia italia",
        "Cúp quốc gia Italia",
        "ONE championship",
        "one championship"
    ],
    "length": 97,
    "publish_date": "13/01/2024",
    "thumbnail_url": "https://i.ytimg.com/vi/Hi1GqK7fop8/sddefault.jpg?sqp=-oaymwEmCIAFEOAD8quKqQMa8AEB-AH-CYAC0AWKAgwIABABGGUgXihLMA8=&rs=AOn4CLB3EyGdps5OQaU6EWNKzsDbOdUIGg",
    "title": "ĐÓN CHỜ NHÂN VẬT BÍ ẨN? Khán giả ơi, hôm nay là ngày cuối cùng của giải đấu Cúp Chợ lớn HTV 2024",
    "watch_url": "https://youtube.com/watch?v=Hi1GqK7fop8"
}