{
    "author": "HTV Sports",
    "channel_id": "UC_OBG47Y3PswSHnMWSlrgZA",
    "channel_url": "https://www.youtube.com/channel/UC_OBG47Y3PswSHnMWSlrgZA",
    "description": "Màn trình diễn rất hay để đêm về số điểm 8.85 và hạng 6 chung cuộc dành dành cho Đoàn Lân Chung Huy Đường - Quận Tân Bình. \nXin chúc mừng ! \n—————\nTheo dõi thông tin tại: \n📱Fanpage HTV Thể thao: https://bit.ly/2X5Ye2s \n📱Youtube HTV Sports: https://bit.ly/2KrisC6 \n📱Tiktok HTV Thể thao https://www.tiktok.com/@htvofficial\n\n#HTVThethao #HTVSports",
    "keywords": [
        "HTVTheThao",
        "HTVSports",
        "htv the thao",
        "HTV Thể thao",
        "serie a",
        "Serie A",
        "Serie A 2022 - 2023",
        "giải vô địch ý",
        "cúp quốc gia ý",
        "cup quoc gia italia",
        "Cúp quốc gia Italia",
        "ONE championship",
        "one championship"
    ],
    "length": 716,
    "publish_date": "16/01/2024",
    "thumbnail_url": "https://i.ytimg.com/vi/6tnkbqUTPaI/sddefault.jpg?sqp=-oaymwEmCIAFEOAD8quKqQMa8AEB-AH-CYAC0AWKAgwIABABGGUgYSgYMA8=&rs=AOn4CLCrxYlGAojtvqTMJZX42J425g8ICw",
    "title": "Mãnh Sư Vượt Kim Sơn Hái Lộc Vàng  Chung Huy Đường - Q.Tân Bình, TPHCM  Cúp Chợ Lớn - HTV 2024",
    "watch_url": "https://youtube.com/watch?v=6tnkbqUTPaI"
}