{
    "author": "HTV Sports",
    "channel_id": "UC_OBG47Y3PswSHnMWSlrgZA",
    "channel_url": "https://www.youtube.com/channel/UC_OBG47Y3PswSHnMWSlrgZA",
    "description": "—————\nTheo dõi thông tin tại: \n📱Fanpage HTV Thể thao: https://bit.ly/2X5Ye2s \n📱Youtube HTV Sports: https://bit.ly/2KrisC6 \n📱Tiktok HTV Thể thao https://www.tiktok.com/@htvofficial\n\n#HTVThethao #HTVSports",
    "keywords": [
        "HTVTheThao",
        "HTVSports",
        "htv the thao",
        "HTV Thể thao",
        "serie a",
        "Serie A",
        "Serie A 2022 - 2023",
        "giải vô địch ý",
        "cúp quốc gia ý",
        "cup quoc gia italia",
        "Cúp quốc gia Italia",
        "ONE championship",
        "one championship"
    ],
    "length": 763,
    "publish_date": "12/01/2024",
    "thumbnail_url": "https://i.ytimg.com/vi/bXMhsn050N4/sddefault.jpg?sqp=-oaymwEmCIAFEOAD8quKqQMa8AEB-AH-CYAC0AWKAgwIABABGDkgUyhyMA8=&rs=AOn4CLD0tOQfhV2b-HiVZsQkXD80n3Vq5Q",
    "title": "Đoàn Nam Hoa - Lạc Long Quân diệt ngư tinh   Múa Rồng truyền thống  Cúp Chợ Lớn - HTV 2024",
    "watch_url": "https://youtube.com/watch?v=bXMhsn050N4"
}