{
    "author": "HTV Sports",
    "channel_id": "UC_OBG47Y3PswSHnMWSlrgZA",
    "channel_url": "https://www.youtube.com/channel/UC_OBG47Y3PswSHnMWSlrgZA",
    "description": "Màn trình diễn:  Nam Sư Du Hí Ăn Bông Bí | Đoàn Lân Hào Nhựt – Vĩnh Long | Cúp Chợ Lớn - HTV 2024  \n\nChúc mừng màn trình diễn rất hay mang về điểm số 8.51 và hạng 9 chung cuộc của đoàn lân Hào Nhật - Vĩnh Long. \n\n#HTV #HTVC #HTVThethao #HTVSports #lansurong #cholon\n—————\nTheo dõi thông tin tại: \n📱Fanpage HTV Thể thao: https://bit.ly/2X5Ye2s \n📱Youtube HTV Sports: https://bit.ly/2KrisC6 \n📱Tiktok HTV Thể thao https://www.tiktok.com/@htvofficial\n\n#HTVThethao #HTVSports",
    "keywords": [
        "HTVTheThao",
        "HTVSports",
        "htv the thao",
        "HTV Thể thao",
        "serie a",
        "Serie A",
        "Serie A 2022 - 2023",
        "giải vô địch ý",
        "cúp quốc gia ý",
        "cup quoc gia italia",
        "Cúp quốc gia Italia",
        "ONE championship",
        "one championship"
    ],
    "length": 662,
    "publish_date": "17/01/2024",
    "thumbnail_url": "https://i.ytimg.com/vi/IvLN1-7TmfE/sddefault.jpg?sqp=-oaymwEmCIAFEOAD8quKqQMa8AEB-AH-CYAC0AWKAgwIABABGH8gWygoMA8=&rs=AOn4CLAP8YZeVzvBPPPkbsmG6XkkR19gIA",
    "title": "Nam Sư Du Hí Ăn Bông Bí  Đoàn Lân Hào Nhựt – Vĩnh Long  Cúp Chợ Lớn - HTV 2024",
    "watch_url": "https://youtube.com/watch?v=IvLN1-7TmfE"
}