{
    "author": "HTV Sports",
    "channel_id": "UC_OBG47Y3PswSHnMWSlrgZA",
    "channel_url": "https://www.youtube.com/channel/UC_OBG47Y3PswSHnMWSlrgZA",
    "description": "—————\nTheo dõi thông tin tại: \n📱Fanpage HTV Thể thao: https://bit.ly/2X5Ye2s \n📱Youtube HTV Sports: https://bit.ly/2KrisC6 \n📱Tiktok HTV Thể thao https://www.tiktok.com/@htvofficial\n\n#HTVThethao #HTVSports",
    "keywords": [
        "HTVTheThao",
        "HTVSports",
        "htv the thao",
        "HTV Thể thao",
        "serie a",
        "Serie A",
        "Serie A 2022 - 2023",
        "giải vô địch ý",
        "cúp quốc gia ý",
        "cup quoc gia italia",
        "Cúp quốc gia Italia",
        "ONE championship",
        "one championship"
    ],
    "length": 569,
    "publish_date": "13/01/2024",
    "thumbnail_url": "https://i.ytimg.com/vi/WHsQgL962oY/hqdefault.jpg?sqp=-oaymwEmCOADEOgC8quKqQMa8AEB-AH-CYAC0AWKAgwIABABGH8gEygrMA8=&rs=AOn4CLB6RHlKL04jvi_KvsN7ppfGDwtsBQ",
    "title": "Nam Sư Oai Dũng Vượt Tam Sơn Hái Linh Chi  Đoàn Lân Oai Dũng Đường Q6 – TPHCM  Cúp Chợ Lớn - HTV",
    "watch_url": "https://youtube.com/watch?v=WHsQgL962oY"
}