{
    "author": "HTV Sports",
    "channel_id": "UC_OBG47Y3PswSHnMWSlrgZA",
    "channel_url": "https://www.youtube.com/channel/UC_OBG47Y3PswSHnMWSlrgZA",
    "description": "Xin chúc mừng màn trình diễn rất hay khi mang về điểm số 8.68 và hạng 8 chung cuộc của Đoàn Lân Phước Anh Đường - Bình Dương. \n\n—————\nTheo dõi thông tin tại: \n📱Fanpage HTV Thể thao: https://bit.ly/2X5Ye2s \n📱Youtube HTV Sports: https://bit.ly/2KrisC6 \n📱Tiktok HTV Thể thao https://www.tiktok.com/@htvofficial\n\n#HTVThethao #HTVSports",
    "keywords": [
        "HTVTheThao",
        "HTVSports",
        "htv the thao",
        "HTV Thể thao",
        "serie a",
        "Serie A",
        "Serie A 2022 - 2023",
        "giải vô địch ý",
        "cúp quốc gia ý",
        "cup quoc gia italia",
        "Cúp quốc gia Italia",
        "ONE championship",
        "one championship"
    ],
    "length": 520,
    "publish_date": "17/01/2024",
    "thumbnail_url": "https://i.ytimg.com/vi/FGSj99AsW98/sddefault.jpg?sqp=-oaymwEmCIAFEOAD8quKqQMa8AEB-AH-CYAC0AWKAgwIABABGHIgUyhBMA8=&rs=AOn4CLCn51lGliEK_TLQvTGRF7sudoas9w",
    "title": "Mãnh Sư Vượt Thác Hái Linh Chi  Đoàn Lân Phước Anh Đường – Bình Dương  Cúp Chợ Lớn - HTV 2024",
    "watch_url": "https://youtube.com/watch?v=FGSj99AsW98"
}